"Reference","Value","Datasheet","Footprint","Qty","DNP"
"C1,C4,C6,C26,C27,C32","1u 25V 0603","~","Capacitor_SMD:C_0603_1608Metric","6",""
"C2,C7,C12,C22,C28,C29,C34,C38","100n 50V 0603","~","Capacitor_SMD:C_0603_1608Metric","8",""
"C3,C31,C35,C36,C40,C41","100n 50V 0402","~","Capacitor_SMD:C_0402_1005Metric","6",""
"C5","470p 50V 0402","~","Capacitor_SMD:C_0402_1005Metric","1",""
"C8,C9,C18,C19","10u 35V 0805","~","Capacitor_SMD:C_0805_2012Metric","4",""
"C10,C15,C20,C25","100n 50V 0805","~","Capacitor_SMD:C_0805_2012Metric","4",""
"C11,C21","33n 50V 0603","~","Capacitor_SMD:C_0603_1608Metric","2",""
"C13,C14","22u 16V 0805","~","Capacitor_SMD:C_0805_2012Metric","2",""
"C16,C17,C39","2.2u 50V 0603","~","Capacitor_SMD:C_0603_1608Metric","3",""
"C23,C24","22u 25V 0805","~","Capacitor_SMD:C_0805_2012Metric","2",""
"C30","1u 25V 0402","~","Capacitor_SMD:C_0402_1005Metric","1",""
"C33,C37","4.7u 25V 0603","~","Capacitor_SMD:C_0603_1608Metric","2",""
"C42","15p 50V C0G 0402","~","Capacitor_SMD:C_0402_1005Metric","1",""
"D1,D2","White (0805)","~","LED_SMD:LED_0805_2012Metric","2",""
"D3,D5","1N5819WS","https://datasheet.lcsc.com/lcsc/2204281430_Guangdong-Hottech-1N5819WS_C191023.pdf","Diode_SMD:D_SOD-323","2",""
"D4","SMBJ26CA","~","Diode_SMD:D_SMB","1",""
"D6","BZX584C12","~","Diode_SMD:D_SOD-523","1",""
"D7,D8","PESD2CANFD24","https://www.lcsc.com/datasheet/C5278878.pdf","Package_TO_SOT_SMD:SOT-23","2",""
"FB1","120mΩ 1kΩ@100MHz","~","Resistor_SMD:R_0805_2012Metric","1",""
"J1","0.77_OLED_12864_15P_P0.65","https://www.lcsc.com/datasheet/C5123562.pdf","Pivot_Base:0.77_OLED_12864_15P_P0.65","1",""
"J2","USB_C_Receptacle_USB2.0_16P","https://www.usb.org/sites/default/files/documents/usb_type-c.zip","Connector_USB:USB_C_Receptacle_G-Switch_GT-USB-7010ASV","1",""
"J3","~","","Connector_PinHeader_2.54mm:PinHeader_2x20_P2.54mm_Vertical","1",""
"J4","ESP32","~","Connector_JST:JST_SH_SM04B-SRSS-TB_1x04-1MP_P1.00mm_Horizontal","1",""
"J5","RJ45_Hanrun_HR911105A_Horizontal","https://datasheet.lcsc.com/lcsc/1811141815_HANRUN-Zhongshan-HanRun-Elec-HR911105A_C12074.pdf","Pivot_Base:HANRUN_HR911105A","1",""
"J6","CAN1","~","Connector_JST:JST_SH_SM02B-SRSS-TB_1x02-1MP_P1.00mm_Horizontal","1",""
"J7","Pivot-Core Connector","","Pivot_Base:Pivot-Core","1",""
"J8","CAN2","~","Connector_JST:JST_SH_SM02B-SRSS-TB_1x02-1MP_P1.00mm_Horizontal","1",""
"J11","SPI2","~","Connector_JST:JST_SH_SM06B-SRSS-TB_1x06-1MP_P1.00mm_Horizontal","1",""
"J12","I2C3","~","Connector_JST:JST_SH_SM04B-SRSS-TB_1x04-1MP_P1.00mm_Horizontal","1",""
"J13","UART6","~","Connector_JST:JST_SH_SM04B-SRSS-TB_1x04-1MP_P1.00mm_Horizontal","1",""
"J14","UART1","~","Connector_JST:JST_SH_SM04B-SRSS-TB_1x04-1MP_P1.00mm_Horizontal","1",""
"J15","UART8","~","Connector_JST:JST_SH_SM04B-SRSS-TB_1x04-1MP_P1.00mm_Horizontal","1",""
"J16","DeBug","~","Connector_JST:JST_SH_SM04B-SRSS-TB_1x04-1MP_P1.00mm_Horizontal","1",""
"J17","Aux_GPIO_PWM_ADC","~","Connector_JST:JST_SH_SM10B-SRSS-TB_1x10-1MP_P1.00mm_Horizontal","1",""
"J18","XT30PW","~","Connector_AMASS:AMASS_XT30PW-M_1x02_P2.50mm_Horizontal","1",""
"L1","3.3uH (SL0420-3R3M)","https://www.lcsc.com/datasheet/C22463807.pdf","Inductor_SMD:L_Chilisin_BMRA00040420","1",""
"L2","2.2uH (APH0420T)","https://lcsc.com/datasheet/lcsc_datasheet_2409302232_APV-APH0420T3R3M_C5349667.pdf","Inductor_SMD:L_APV_APH0420","1",""
"Q2","AP40P05","https://www.lcsc.com/datasheet/C2886385.pdf","Package_TO_SOT_SMD:SOT-23","1",""
"R1,R2,R3,R4,R6,R7,R9,R13,R17","10k 0603","~","Resistor_SMD:R_0603_1608Metric","9",""
"R5,R18","1k 0402","~","Resistor_SMD:R_0402_1005Metric","2",""
"R8,R12","52.5k 0603","~","Resistor_SMD:R_0603_1608Metric","2",""
"R10,R11","5.1k 0603","~","Resistor_SMD:R_0603_1608Metric","2",""
"R14","100k 0603","~","Resistor_SMD:R_0603_1608Metric","1",""
"R15","560k 0603","~","Resistor_SMD:R_0603_1608Metric","1",""
"R16","31.3k 0603","~","Resistor_SMD:R_0603_1608Metric","1",""
"R19,R21,R24,R26,R27,R29","10k 0402","~","Resistor_SMD:R_0402_1005Metric","6",""
"R20,R22,R23,R33,R35,R36","33 0402","~","Resistor_SMD:R_0402_1005Metric","6",""
"R25,R30,R31,R32","49.9 1% 0402","~","Resistor_SMD:R_0402_1005Metric","4",""
"R28","12.1k 1% 0402","~","Resistor_SMD:R_0402_1005Metric","1",""
"R34","1.5k 0402","~","Resistor_SMD:R_0402_1005Metric","1",""
"TP1","nRST","~","TestPoint:TestPoint_Pad_D0.4mm","1",""
"TP2","ETH_CLK","~","TestPoint:TestPoint_Pad_D0.4mm","1",""
"TP3","DVCC","~","TestPoint:TestPoint_Pad_D0.4mm","1",""
"TP4,TP6,TP8","GND","~","TestPoint:TestPoint_Pad_D0.4mm","3",""
"TP5","5V","~","TestPoint:TestPoint_Pad_D0.4mm","1",""
"TP7","VIN","~","TestPoint:TestPoint_Pad_D0.4mm","1",""
"U1","LAN8742A","http://ww1.microchip.com/downloads/en/DeviceDoc/8742a.pdf","Package_DFN_QFN:VQFN-24-1EP_4x4mm_P0.5mm_EP2.5x2.5mm_ThermalVias","1",""
"U2","ESP32-C3-WROOM-02U","https://www.espressif.com/sites/default/files/documentation/esp32-c3-wroom-02_datasheet_en.pdf","RF_Module:ESP32-C3-WROOM-02U","1",""
"U4","USBLC6-2SC6","https://www.st.com/resource/en/datasheet/usblc6-2.pdf","Package_TO_SOT_SMD:SOT-23-6","1",""
"U5,U6","TPS62933","https://www.ti.com/lit/ds/symlink/tps62933.pdf","Package_TO_SOT_SMD:SOT-583-8","2",""
"U7","TLV75533PDBV","http://www.ti.com/lit/ds/symlink/tlv755p.pdf","Package_TO_SOT_SMD:SOT-23-5","1",""
"Y1","YXC OT2JI-111-25M","https://www.lcsc.com/datasheet/C20617587.pdf","Crystal:Crystal_SMD_3225-4Pin_3.2x2.5mm","1",""
